Total IT Load (kW),Total Facility Load (kW),PUE,DCiE(%age),CO2 emission (Metric tones)
487.2700594,642.8099381,1.319206723,75.803131,6.942347331
775.3571532,1037.927437,1.338644305,74.70244309,11.20961632
665.9969709,1027.880722,1.543371466,64.79321548,11.10111179
599.3292421,918.996708,1.533375386,65.21560272,9.925164447
378.0093202,719.9776646,1.904655854,52.50292319,7.775758777
377.9972602,675.6322702,1.787399914,55.94718856,7.296828518
329.0418061,636.7247754,1.935087772,51.67724247,6.876627575
733.0880729,1087.846768,1.483923704,67.38890938,11.7487451
600.5575059,775.4579085,1.291230067,77.44553241,8.374945412
654.0362889,900.863778,1.377391122,72.6010197,9.729328802
310.2922471,476.6550797,1.536148853,65.09785805,5.147874861
784.9549261,1181.255328,1.504870266,66.45091092,12.75755755
716.2213204,1099.439122,1.535055005,65.14424545,11.87394252
406.1695553,517.9975987,1.275323549,78.41147456,5.594374066
390.9124836,702.5850354,1.797294957,55.6391702,7.587918382
391.7022549,769.2767502,1.963932401,50.91824949,8.308188902
452.1211215,606.293725,1.340998454,74.57130147,6.54797223
562.3782158,832.761785,1.480785993,67.53170306,8.993827278
515.9725093,890.6189986,1.726097772,57.93414582,9.618685185
445.6145701,555.7983637,1.247262547,80.17558151,6.002622328
605.9264474,915.1525275,1.510336001,66.21043259,9.883647297
369.7469303,558.9516325,1.511714058,66.15007611,6.036677631
446.0723243,823.3911829,1.845869242,54.17501833,8.892624775
483.1809216,874.4983952,1.809877741,55.25235087,9.444582668
528.0349921,911.3149388,1.725860885,57.94209769,9.842201339
692.5879807,934.8522457,1.349795653,74.08528822,10.09640425
399.8368911,758.4496864,1.896897718,52.71765527,8.191256613
557.1172192,910.4820388,1.634273735,61.1892597,9.833206019
596.2072844,791.9374264,1.328292101,75.28464555,8.552924205
323.2252064,671.8998486,2.078735926,48.10615853,7.256518365
603.772426,714.8747164,1.184013522,84.45849491,7.720646937
385.2620618,664.1430254,1.723873413,58.00889976,7.172744674
332.5257965,501.5284477,1.508239219,66.30247956,5.416507235
774.4427686,910.6128344,1.175829734,85.04632698,9.834618611
782.8160165,905.901977,1.157234852,86.41288311,9.783741352
704.1986741,1013.085307,1.438635635,69.51030375,10.94132131
452.3068846,654.2693737,1.446516505,69.13159973,7.066109236
348.836057,666.2660885,1.909969096,52.35686808,7.195673755
642.1165133,761.7234155,1.186269781,84.2978567,8.226612887
520.0762469,714.6633482,1.374151103,72.77220081,7.718364161
361.0191174,622.8665051,1.725300614,57.96091369,6.726958255
547.5884551,884.8054045,1.615821876,61.88800976,9.555898369
317.1942606,512.8200114,1.616737991,61.85294128,5.538456124
754.660201,1042.427614,1.38132051,72.39449444,11.25821823
429.3899908,795.1833153,1.851890664,53.99886826,8.587979805
631.2611422,916.0200986,1.451095335,68.91345977,9.893017065
455.855538,625.7433805,1.372679124,72.85023738,6.758028509
560.0340106,667.3542451,1.191631637,83.91855072,7.207425847
573.3551397,934.3848018,1.62967895,61.36177927,10.09135586
392.4272278,498.808051,1.271084206,78.67299394,5.387126951
784.7923139,1147.202816,1.461791604,68.40920395,12.38979041
687.5664117,946.2475519,1.376227134,72.66242436,10.21947356
769.7494708,1151.46978,1.49590201,66.84929852,12.43587363
747.4136752,1087.048646,1.454413643,68.75623074,11.74012538
598.9499894,998.3302226,1.666800635,59.99517753,10.7819664
760.9371175,966.1506621,1.269685287,78.75967459,10.43442715
344.246251,674.4027377,1.959070682,51.04461055,7.283549567
397.9914312,618.5707053,1.554231214,64.34049136,6.680563617
322.6136445,566.5763305,1.756206969,56.94089694,6.11902437
462.6651654,750.9168043,1.623024296,61.61337217,8.109901487
494.3386448,856.4417791,1.732500156,57.72005254,9.249571214
435.6745159,830.8995566,1.907156665,52.43407731,8.973715212
714.3687546,1044.850779,1.462621051,68.37040936,11.28438841
478.3766633,703.706698,1.471030575,67.97955238,7.600032338
440.4672548,666.8743555,1.514015737,66.0495116,7.20224304
571.3480416,892.6227321,1.562309953,64.00778527,9.640325506
370.4621125,542.0952562,1.463294728,68.33893273,5.854628767
701.0984904,834.2407243,1.189905178,84.04030994,9.009799823
337.2753218,543.6619691,1.611923357,62.03768904,5.871549267
793.4434683,979.6151658,1.234637633,80.99542514,10.57984379
686.1223846,875.0148208,1.27530429,78.41265866,9.450160064
399.3578408,569.4401661,1.425889536,70.13165993,6.149953794
302.7610586,415.3890155,1.372002785,72.88614944,4.486201367
707.7307142,813.0928946,1.148873263,87.04180284,8.781403262
653.4286719,1049.745389,1.606518713,62.24639602,11.3372502
664.503584,892.8355241,1.343612805,74.42620349,9.642623661
685.6351733,900.9331675,1.31401247,76.10277855,9.730078209
337.0223259,640.9165107,1.901703423,52.58443499,6.921898315
479.2328643,644.7090306,1.345293862,74.33320172,6.962857531
357.9345298,742.9228849,2.075583167,48.17923058,8.023567157
731.5517129,1067.455217,1.459165768,68.53230947,11.52851635
611.6490634,738.4723641,1.207346513,82.82626313,7.975501532
465.4490124,690.7232452,1.483993363,67.38574613,7.459811048
331.7791751,695.5146674,2.096318032,47.70268561,7.511558408
455.4911609,838.9107675,1.841771783,54.29554352,9.060236289
462.591661,702.8121144,1.519292658,65.82010349,7.590370835
664.8030892,948.8265059,1.427229388,70.06582183,10.24732626
618.7787357,768.8889195,1.242591051,80.47699999,8.304000331
743.6063713,1140.956959,1.534356083,65.17391961,12.32233516
536.1074626,705.608973,1.316170772,75.97798258,7.620576908
359.797123,742.6166552,2.063987197,48.44991295,8.020259876
656.6223936,951.5163883,1.449107429,69.00799626,10.27637699
680.3925243,962.7135628,1.414938478,70.67445091,10.39730648
580.6385988,834.4451521,1.437116227,69.58379437,9.012007643
685.48359,854.6845335,1.246834419,80.20311157,9.230592962
546.8977982,699.8562078,1.279683718,78.14430909,7.558447044
561.3664147,727.5122774,1.295966874,77.16246614,7.857132596
513.7705092,669.7019878,1.303504144,76.71628852,7.232781468
312.7095634,646.5849054,2.067685102,48.36326378,6.983116979
353.9457135,558.9832912,1.579291032,63.31955159,6.037019545
315.7145928,433.0673958,1.371705349,72.90195381,4.677127875
618.2052056,1008.935995,1.6320406,61.27298549,10.89650874
457.1779905,822.313756,1.798673106,55.5965393,8.880988565
554.2853456,932.6110305,1.682546793,59.4337111,10.07219913
753.783237,1152.255584,1.528629886,65.41805894,12.4443603
424.6461146,576.8146893,1.358342087,73.61915749,6.229598645
505.1914615,724.0640672,1.433246843,69.77165204,7.819891926
677.7755693,1005.247112,1.483156309,67.42377682,10.85666881
414.3990827,723.2052682,1.745190321,57.30034072,7.810616896
338.4899549,484.6587268,1.431826025,69.84088724,5.23431425
444.8757265,789.625664,1.774935374,56.34007945,8.527957171
380.6106436,547.9428152,1.439641335,69.46174547,5.917782404
764.8488262,931.9941106,1.218533753,82.06584328,10.06553639
704.0601898,965.1525167,1.370838077,72.94807584,10.42364718
616.7018783,894.5838587,1.450593699,68.93729104,9.661505674
735.7302951,1009.756157,1.372454232,72.86217466,10.9053665
701.8360384,829.2820897,1.181589494,84.63176128,8.956246568
393.2850294,756.5232882,1.923600523,51.98584572,8.170451513
746.2794992,925.959512,1.240767719,80.59526249,10.00036273
569.671121,708.5255973,1.243744981,80.40233452,7.652076451
703.7200776,1070.344502,1.52098048,65.74706336,11.55972062
748.04565,1134.741099,1.516940977,65.92214297,12.25520387
459.0017375,817.6400227,1.781344069,56.13738623,8.830512245
355.0259623,697.8807847,1.965717606,50.87200709,7.537112475
413.9675813,710.5401755,1.716415023,58.26096758,7.673833895
513.5538943,778.8111055,1.5165129,65.94075132,8.411159939
709.007383,835.1034109,1.177848681,84.90054928,9.019116838
730.3652916,952.9012555,1.304691319,76.64648224,10.29133356
303.4760653,515.2826204,1.697934959,58.89507103,5.5650523
555.3736513,733.2997864,1.320371942,75.73623524,7.919637693
508.7055016,825.7315357,1.623201505,61.60664569,8.917900585
411.0539052,659.8166258,1.60518272,62.29820365,7.126019558
359.9326837,484.2465484,1.345380874,74.32839425,5.229862723
468.8075857,634.8625463,1.354207068,73.8439507,6.8565155
771.454852,1076.432481,1.395327903,71.66774187,11.6254708
461.601466,584.4407239,1.266115398,78.98174223,6.311959818
559.3953109,914.7573851,1.635261089,61.15231426,9.879379759
651.5094794,900.0534376,1.381489396,72.38564426,9.720577126
481.8148012,725.9907744,1.506783878,66.36651844,7.840700363
785.8910414,1063.613377,1.353385292,73.88878878,11.48702447
781.2236475,1128.627937,1.444692491,69.21888265,12.18918172
425.8911479,630.2339103,1.479800445,67.57667922,6.806526231
548.6242529,852.0290987,1.553028497,64.3903188,9.201914266
450.4391549,720.1587441,1.598792503,62.54720346,7.777714436
442.4202472,622.5287282,1.407098188,71.06824587,6.723310265
318.4434737,682.0324696,2.141769344,46.69036855,7.365950672
604.782167,944.0099735,1.560909076,64.06523066,10.19530771
551.3395116,848.875062,1.539659401,64.9494297,9.16785067
325.7393756,680.9138944,2.090364093,47.83855614,7.353870059
439.3232321,799.5114924,1.819870733,54.94895774,8.634724118
754.132943,1066.641836,1.414394963,70.70160925,11.51973183
419.7809453,770.8849438,1.836398132,54.45442263,8.325557393
372.447436,681.6888745,1.830295522,54.6359857,7.362239845
544.7263801,848.7686117,1.558155879,64.17843128,9.166701006
792.8252271,1078.408641,1.360209796,73.51807073,11.64681332
421.0276358,746.8426276,1.773856546,56.3743445,8.065900378
636.0677737,783.6493053,1.232021709,81.16740095,8.463412497
680.8098077,1045.071035,1.535041099,65.14483557,11.28676718
418.818772,780.3718303,1.863268513,53.66912999,8.428015767
664.1081743,772.8823592,1.16378986,85.9261654,8.34712948
483.8915664,831.6365915,1.718642459,58.1854588,8.981675189
616.1529153,754.8138755,1.225043097,81.62978123,8.151989856
616.7648554,817.3005117,1.325141186,75.46365707,8.826845526
567.887342,890.9398189,1.568867191,63.74025832,9.622150044
345.144885,493.3728538,1.429465929,69.95619689,5.328426821
717.6512478,1063.041355,1.481278488,67.50925017,11.48084663
460.3900325,810.0302859,1.759443578,56.83615051,8.748327087
393.2592552,645.4995753,1.641409749,60.92323996,6.971395414
320.3875708,422.3033323,1.318101483,75.86669256,4.560875989
595.4464716,781.5579115,1.312557801,76.18712098,8.440825445
638.7821809,923.8602564,1.4462837,69.14272764,9.977690769
308.2939145,702.6497679,2.279155491,43.87590071,7.588617493
556.0465291,845.5905873,1.520719118,65.75836315,9.132378342
413.2478876,591.1889619,1.430591613,69.90115077,6.384840789
622.5863952,912.7881061,1.466122795,68.20711083,9.858111546
387.1832145,649.1788284,1.676670899,59.64199656,7.011131347
645.4688691,979.4224876,1.517381449,65.90300685,10.57776287
493.3676732,625.4618648,1.26773986,78.88053628,6.75498814
768.3649944,1096.673365,1.427281791,70.06324935,11.84407234
368.7604721,631.1404457,1.711518705,58.42764073,6.816316813
470.5331755,859.4307767,1.826504105,54.74939789,9.281852388
356.7367606,559.2984104,1.567818269,63.78290264,6.040422833
762.3468091,1052.133377,1.380124327,72.45724028,11.36304047
738.6696767,1118.278108,1.513908238,66.05420165,12.07740357
428.9708139,559.7237323,1.304806094,76.63974013,6.045016308
629.992023,1011.160569,1.605037099,62.30385581,10.92053415
708.6111001,1014.976817,1.432346765,69.81549612,10.96174962
577.6004058,697.9515235,1.208363977,82.75652195,7.537876454
564.8252892,755.1143593,1.336898991,74.79996669,8.15523508
420.9261455,733.377772,1.742295602,57.39554177,7.920479938
346.5513839,466.7565643,1.34686106,74.24670811,5.040970895
748.607879,1023.259017,1.366882511,73.15917735,11.05119738
750.2090286,953.9739457,1.271610857,78.64041067,10.30291861
616.5507286,902.825384,1.464316466,68.29124874,9.750514147
469.5148955,583.2375057,1.242212997,80.50149227,6.298965061
474.6047873,836.0658292,1.76160429,56.76643761,9.029510955
662.9778394,1055.02453,1.591342074,62.84004025,11.39426493
748.55513,1139.218487,1.521889893,65.70777588,12.30355965
743.5432121,1068.438762,1.436955841,69.59156096,11.53913863
689.9377729,828.963645,1.201504944,83.22895426,8.952807366
621.0158231,948.4947819,1.527327882,65.473826,10.24374364
342.0699825,449.4460574,1.313900899,76.10924088,4.85401742
380.814357,487.4514225,1.280023753,78.12355026,5.264475363
749.2770943,946.36016,1.26303095,79.17462357,10.22068973
603.2145298,849.807487,1.408798106,70.98249181,9.177920859
304.5985258,635.7207512,2.08707757,47.91388755,6.865784112
350.7357714,655.7243844,1.869568028,53.48829169,7.081823352
631.7508846,865.5216965,1.370036382,72.99076235,9.347634322
302.5307919,484.6187918,1.601882535,62.42654991,5.233882952
380.4040257,779.5413758,2.049245862,48.79843938,8.419046858
574.3668947,802.2212854,1.396705299,71.59706495,8.663989882
645.9475988,881.3637061,1.364450782,73.28956188,9.518728026
625.9806298,775.0677761,1.23816575,80.76463105,8.370731982
412.1346547,750.5775194,1.821194871,54.90900595,8.106237209
656.0896107,964.1942784,1.4696076,68.04537481,10.41329821
418.6245437,584.8554276,1.397088241,71.57744017,6.316438618
462.6998491,587.4141628,1.269536102,78.76892973,6.344072958
673.2457026,977.3954932,1.451766405,68.88160497,10.55587133
624.8164495,921.1698138,1.474304677,67.82858493,9.948633989
724.6117052,906.5895633,1.251138447,79.92720571,9.791167284
628.8064462,1014.065515,1.612683078,62.00846365,10.95190756
584.1543017,729.4716692,1.248765381,80.07909372,7.878294027
346.8373839,576.5378242,1.662271286,60.1586521,6.226608502
483.8579015,866.9426776,1.791729917,55.8119832,9.362980918
432.6011838,658.5193789,1.522232032,65.69300733,7.112009292
421.9948217,713.552606,1.690903701,59.13997344,7.706368145
786.5052774,1005.783597,1.278800824,78.19826053,10.86246285
496.5488623,678.813423,1.367062689,73.14953498,7.331184969
746.0232776,1141.216572,1.529733195,65.37087665,12.32513898
615.569313,838.3695149,1.361941697,73.42458213,9.054390761
697.4056518,1065.635413,1.527999393,65.44505216,11.50886246
551.3185466,720.3049283,1.306513145,76.53960495,7.779293226
588.4519423,752.3833535,1.278580797,78.21171741,8.125740218
546.2588469,655.5990718,1.20016193,83.32208974,7.080469975
397.6214939,693.1215415,1.7431692,57.3667777,7.485712648
661.2260576,871.7839607,1.31843558,75.84746765,9.415266776
440.3861812,799.6936562,1.815891802,55.06936035,8.636691487
312.1579832,554.1209552,1.775129854,56.33390693,5.984506316
622.736148,1013.194176,1.627003956,61.46266555,10.9424971
388.5553397,544.2129944,1.40060614,71.39765932,5.87750034
770.2292922,1130.816243,1.468155333,68.11268385,12.21281542
776.9642885,1109.943344,1.428564171,70.00035565,11.98738812
757.4321951,1088.708749,1.437367933,69.57160913,11.75805448
485.0793501,838.5143186,1.728612686,57.8498589,9.05595464
307.7283083,636.0355055,2.066873565,48.38225313,6.86918346
764.1592813,1052.025378,1.376709547,72.6369627,11.36187408
514.0920742,653.4655375,1.271106034,78.67164291,7.057427805
783.3274095,893.0852634,1.140117469,87.71026034,9.645320844
781.8099885,1158.064343,1.481260613,67.51006482,12.5070949
726.5047277,1011.499822,1.392282505,71.82450376,10.92419808
447.224446,786.1856333,1.757921867,56.8853496,8.49080484
492.5488643,737.0055698,1.496309551,66.83109118,7.959660153
725.5683358,860.7607924,1.186326291,84.29384123,9.296216558
458.4610026,596.0167402,1.300038034,76.92082648,6.436980795
384.7463733,690.4159595,1.794470351,55.72674966,7.456492363
578.4006312,807.4923997,1.396078006,71.62923533,8.720917917
768.0773871,928.2348051,1.208517294,82.74602319,10.02493589
648.0148983,895.4932624,1.381902275,72.36401719,9.671327233
585.030585,704.2932662,1.203857173,83.06633233,7.606367275
348.5882469,623.1796675,1.787724265,55.93703792,6.730340409
607.5036133,788.2016347,1.297443533,77.07464519,8.512577655
795.0269251,1134.294655,1.426737409,70.08998247,12.25038228
370.0420076,563.1505953,1.521855853,65.70924557,6.082026429
559.1648262,795.7308709,1.423070325,70.27059608,8.593893406
738.686536,842.1726979,1.140094826,87.71200227,9.095465138
670.3843089,792.1183752,1.181588478,84.63183406,8.554878452
648.5078705,866.2559374,1.335767809,74.86331031,9.355564124
651.242042,895.2236924,1.374640509,72.74629207,9.668415878
479.7455756,759.75174,1.583655543,63.14504467,8.205318792
446.7959221,634.2946957,1.419651936,70.43980111,6.850382714
704.6805777,1013.175144,1.437779294,69.55170409,10.94229155
705.0566973,1063.093416,1.507812663,66.32123635,11.4814089
733.5361593,1067.491456,1.455267668,68.71588107,11.52890772
756.6202763,868.5059239,1.147875561,87.11745717,9.379863978
555.6711994,799.8232836,1.43938229,69.47424648,8.638091463
550.7581473,682.2372009,1.238723756,80.72824915,7.368161769
699.1475895,871.7610942,1.246891368,80.19944846,9.415019818
624.9819654,1020.980743,1.633616328,61.21388375,11.02659203
650.9834386,793.7321015,1.219281558,82.01551095,8.572306696
697.8963347,947.5627808,1.357741449,73.65172513,10.23367803
745.0026709,1030.449391,1.383148586,72.29881227,11.12885343
468.9975784,779.7370696,1.662560971,60.14817003,8.421160352
487.7914763,755.6860814,1.549199029,64.54948534,8.161409679
346.9909699,449.9222241,1.296639576,77.1224339,4.859160021
589.1400705,787.078463,1.335978492,74.85150442,8.5004474
317.9711369,573.2846299,1.802945498,55.46479363,6.191474003
532.7990091,659.1589588,1.237162509,80.8301248,7.118916755
571.3223174,776.5103967,1.35914592,73.57561724,8.386312285
443.2706261,553.2315587,1.248067267,80.12388648,5.974900834
595.4166303,718.9901794,1.207541313,82.81290167,7.765093938
315.250125,534.3271078,1.694930677,58.99946313,5.770732765
318.6740944,458.4888206,1.438738914,69.50531399,4.951679262
711.3002803,981.5625348,1.37995522,72.46611959,10.60087538
480.0953207,786.9348114,1.639122019,61.00827079,8.498895964
363.5302563,703.7062661,1.935757076,51.65937464,7.600027673
561.12163,721.1667033,1.285223496,77.80747883,7.788600396
684.9967765,835.2415512,1.21933647,82.01181748,9.020608753
407.9105137,539.2808658,1.322056794,75.6397157,5.824233351
611.4452379,902.3743128,1.475805611,67.75960145,9.745642578
342.6737325,654.6164504,1.9103199,52.34725346,7.069857665
325.8408606,435.316704,1.335979482,74.85144897,4.701420404
565.6773158,946.5409897,1.673287868,59.76257996,10.22264269
570.3175608,685.9089459,1.202678986,83.14770703,7.407816616
618.7149507,881.1038513,1.424086892,70.22043427,9.515921594
663.0456669,975.7638227,1.471638941,67.95145008,10.53824929
787.9260397,1149.216777,1.45853382,68.56200289,12.41154119
558.1501742,872.3762538,1.562977661,63.98044098,9.421663541
461.4782365,801.9966614,1.737886206,57.54116678,8.661563943
697.5930974,899.4281551,1.289330641,77.55962423,9.713824076
435.4161256,779.8636598,1.791076659,55.83233943,8.422527525
519.4857104,643.5201643,1.238763938,80.72563055,6.950017774
339.2281907,707.6731875,2.086127294,47.93571336,7.642870425
312.6753717,576.9530846,1.845214356,54.19424561,6.231093313
781.3242073,1126.513538,1.441800379,69.35772902,12.16634621
717.9900603,953.6855456,1.328271237,75.28582808,10.29980389
647.987103,941.0604116,1.452282626,68.85712065,10.16345245
504.4764722,762.3972705,1.511264276,66.16976368,8.233890521
386.64716,706.1240166,1.826274934,54.75626816,7.626139379
378.2185213,502.7075159,1.329145686,75.23629732,5.429241172
425.1214491,543.2270743,1.277816199,78.25851641,5.866852402
574.6133324,748.7443026,1.303040254,76.74359997,8.086438468
657.2979614,805.1613654,1.224956432,81.6355565,8.695742746
630.0986884,991.6337583,1.57377531,63.54147215,10.70964459
439.9669485,605.7311447,1.376765111,72.63403118,6.541896363
777.4326403,1170.192217,1.505200781,66.43631952,12.63807594
668.9484583,870.0171959,1.300574334,76.88910765,9.396185715
577.1770263,731.812401,1.267916718,78.86953343,7.90357393
605.8603731,942.7699253,1.556084483,64.26386299,10.18191519
509.8000312,807.4123639,1.583782492,63.13998324,8.72005353
423.8654948,673.3242097,1.588532726,62.95117399,7.271901465
477.9863393,744.5954046,1.557775491,64.19410278,8.04163037
678.9230552,994.6835887,1.465090309,68.25517812,10.74258276
307.1967443,475.7331667,1.548626981,64.5733293,5.137918201
358.0363203,756.9364951,2.114133266,47.30070786,8.174914147
323.001321,715.4392697,2.2149732,45.14727311,7.726744112
320.3644012,615.4621071,1.921131389,52.05266051,6.646990756
727.730292,887.5930273,1.219673053,81.98918532,9.586004695
651.8289297,955.8974024,1.466485084,68.19026059,10.32369195
537.0869145,658.7464372,1.226517384,81.53166138,7.114461522
348.9170803,458.112831,1.312956163,76.16400518,4.947618575
545.8079376,723.1128041,1.324848457,75.48033093,7.809618284
536.7358854,775.5227724,1.444887129,69.20955831,8.375645942
386.600935,747.0826866,1.932438903,51.74807848,8.068493015
516.9258246,835.0765455,1.615466873,61.90160978,9.018826692
499.2523672,822.0643236,1.646590738,60.73154532,8.878294694
607.925049,835.5730494,1.374467215,72.75546399,9.024188933
617.5468254,821.3273232,1.32998388,75.18888122,8.870335091
322.6520049,533.9636338,1.654921171,60.42583885,5.766807245
487.3063073,883.6011764,1.813235665,55.15002926,9.542892705
612.9299579,724.9627153,1.182782316,84.54641114,7.829597325
551.5681293,911.6775781,1.652882989,60.5003504,9.846117844
728.2449206,1001.847543,1.375701381,72.69019379,10.81995347
629.3468158,860.9314416,1.367976162,73.10068902,9.298059569
381.4672135,699.0445117,1.832515317,54.56980309,7.549680726
335.2843737,581.2850561,1.733707568,57.67985434,6.277878606
621.2096391,983.2366105,1.582777453,63.18007613,10.61895539
313.2556553,683.4662145,2.181816044,45.83337825,7.381435116
592.8877906,819.4040687,1.382055899,72.35597348,8.849563942
770.1151207,953.1634599,1.237689579,80.79570327,10.29416537
587.7370889,865.4421875,1.47249885,67.91176781,9.346775625
494.0849631,867.7939668,1.756365871,56.93574535,9.372174841
621.6441092,784.8427659,1.262527472,79.20619724,8.476301872
529.1264452,816.0164203,1.542195495,64.84262229,8.812977339
572.8083947,862.2764607,1.505348854,66.4297845,9.312585775
770.7324044,1090.666311,1.415103744,70.66619703,11.77919616
493.0513189,632.5216244,1.282871783,77.95011267,6.831233544
780.5952819,1095.342771,1.403214696,71.26493207,11.82970193
752.675321,1125.385077,1.495179988,66.88158002,12.15415883
397.8955674,551.8005001,1.386797304,72.1085913,5.959445401
334.6806504,505.9436479,1.511720643,66.14978799,5.464191397
350.3890007,741.8075289,2.117097076,47.23448968,8.011521312
309.1109128,463.4039986,1.499151209,66.70441208,5.004763185
347.2214804,703.5370084,2.026190913,49.35369088,7.598199691
641.5033867,889.1867436,1.386098284,72.1449562,9.603216831
335.5943242,509.7636466,1.518987688,65.83331834,5.505447383
459.4878151,820.7127855,1.786147006,55.98643317,8.863698084
722.4376555,956.029232,1.323338041,75.56648179,10.32511571
311.6359679,566.081174,1.816482154,55.05146296,6.11367668
707.2342413,915.0042521,1.293778212,77.29300051,9.882045923
440.9273874,718.8126428,1.630229066,61.34107292,7.763176542
359.0824138,508.1395756,1.415105714,70.66609866,5.487907416
648.3685827,865.6930437,1.3351866,74.89589843,9.349484872
614.4714234,1005.29512,1.636032339,61.12348614,10.8571873
738.7360068,916.1760366,1.240194099,80.63253974,9.894701195
667.5355219,964.5565213,1.444951601,69.20647025,10.41721043
701.7404652,899.2974845,1.281524337,78.03207251,9.712412832
441.0172863,773.059224,1.752900052,57.04831824,8.349039619
388.7197719,527.9818701,1.358258335,73.62369693,5.702204197
675.3073758,1066.253689,1.578916102,63.3345875,11.51553984
703.4173696,939.554232,1.335699504,74.86713865,10.14718571
795.252571,966.06771,1.21479357,82.31851275,10.43353127
506.3088385,628.3578627,1.241056476,80.57651038,6.786264917
486.0090429,636.9364144,1.310544369,76.30416976,6.878913276
688.2064804,944.1386649,1.371882846,72.89252161,10.19669758
470.4017701,671.5027231,1.42750892,70.05210165,7.252229409
765.3786628,1114.043673,1.455545767,68.70275211,12.03167166
729.2063759,958.472633,1.314405173,76.08004139,10.35150444
514.4970137,689.1112955,1.339388329,74.66094622,7.442401991
675.4355339,960.5790299,1.422162415,70.31545692,10.37425352
677.271437,989.3046021,1.460720987,68.45934362,10.6844897
351.5619344,501.6745068,1.426987559,70.07769573,5.418084673
751.2764533,901.5622182,1.200040563,83.33051654,9.736871957
552.6261862,663.6276143,1.200861687,83.27353689,7.167178234
713.2287331,1034.149338,1.449954677,68.96767296,11.16881285
460.0248005,759.1661588,1.650272242,60.59606256,8.198994515
747.7616142,990.150877,1.324153123,75.51996687,10.69362947
494.6008394,847.8519741,1.714214588,58.3357537,9.15680132
305.4188257,647.1198716,2.11879497,47.19663839,6.988894614
752.6909882,1028.297298,1.366161298,73.19779893,11.10561081
345.6433384,706.1247225,2.042928777,48.94933251,7.626147004
459.6568188,621.4091818,1.351898104,73.97007194,6.711219164
775.0309835,908.6068693,1.172349091,85.29882501,9.812954189
775.3035735,956.2284569,1.233360054,81.07932449,10.32726733
586.7189441,703.8450009,1.199628899,83.35911221,7.60152601
615.9186061,875.2694645,1.421079759,70.36902703,9.452910216
524.222761,905.2044687,1.726755372,57.91208275,9.776208262
446.6053858,558.408448,1.250339709,79.97826455,6.030811239
464.3322727,600.9652469,1.294256898,77.26441339,6.490424666
636.259228,871.9189365,1.370383168,72.9722915,9.416724514
676.1872647,1056.34977,1.562214826,64.01168287,11.40857752
695.7895219,890.6363534,1.28003703,78.12273991,9.618872616
694.8090714,946.979514,1.362934874,73.37107732,10.22737875
345.6030515,458.0749092,1.32543653,75.44684167,4.94720902
547.2101524,691.7131126,1.264072148,79.10940856,7.470501617
328.77938,724.7684169,2.204421752,45.36337019,7.827498902
574.7644412,964.3000501,1.677730877,59.60431518,10.41444054
520.7652507,622.247245,1.194870902,83.69104964,6.720270246
743.8520914,1129.395627,1.518306717,65.86284501,12.19747277
475.4575063,767.1934876,1.613590021,61.97361082,8.285689666
358.5335082,718.9089966,2.00513754,49.87189059,7.764217163
371.495841,607.9177977,1.636405393,61.10955172,6.565512215
680.7553159,935.4341244,1.374112111,72.77426577,10.10268854
609.1090317,855.7630057,1.404942237,71.17730348,9.242240462
350.5613381,650.6206153,1.855939445,53.88106829,7.026702646
342.0534031,483.9487795,1.414833985,70.67967057,5.226646818
650.4845657,759.4766427,1.167555208,85.64905478,8.202347741
336.3815032,528.7604857,1.571907137,63.6169896,5.710613245
710.9300296,1022.334258,1.438023738,69.53988128,11.04120999
653.1211136,813.6771492,1.245828886,80.26784508,8.787713212
340.6743903,642.7041203,1.886564234,53.00641143,6.941204499
342.418857,733.3924709,2.141799307,46.68971535,7.920638685
793.3197893,921.490004,1.161561852,86.09098154,9.952092043
487.1353979,788.9160333,1.619500527,61.74743284,8.52029316
485.3210735,718.4461393,1.480352242,67.55149022,7.759218305
706.3997836,1066.84246,1.510253096,66.21406723,11.52189857
773.6242887,926.7692255,1.197957767,83.47539683,10.00910764
793.0005319,1100.788318,1.388130617,72.03933029,11.88851383
676.6890926,1028.12368,1.519344246,65.81786862,11.10373574
488.1297928,871.5140586,1.7854146,56.00939973,9.412351833
341.7503583,646.7247668,1.892389433,52.84324582,6.984627482
688.573458,937.7258872,1.361838561,73.43014279,10.12743958
579.2021249,864.5562969,1.492667689,66.99414797,9.337208007
512.1110046,872.7825,1.704283821,58.67567288,9.426051
753.1771925,1024.360117,1.360051959,73.52660265,11.06308926
355.5987412,464.7148591,1.306851812,76.51976997,5.018920478
546.3125521,925.5971608,1.694263032,59.02271261,9.996449337
305.6768224,612.5348477,2.003864221,49.90358076,6.615376355
534.330321,837.2843367,1.566978896,63.81706877,9.042670837
328.1516378,492.8541836,1.501909869,66.58189152,5.322825182
359.4089581,657.0745992,1.828208742,54.6983491,7.096405671
358.7631234,576.9224451,1.608087363,62.18567616,6.230762407
624.6051511,919.9750442,1.472890582,67.89370592,9.935730477
673.0224396,805.0003487,1.196097338,83.60523579,8.694003766
591.6843825,889.0379739,1.502554403,66.55333067,9.601610118
781.0862742,1180.910392,1.511882145,66.14272171,12.75383223
487.4352898,601.8989014,1.234828323,80.98291733,6.500508135
442.8560431,836.0082984,1.887765362,52.97268508,9.028889623
734.2995641,956.3719523,1.302427509,76.77970504,10.32881708
411.7979193,773.0239544,1.877192473,53.2710425,8.348658707
781.6112697,1116.326915,1.428237998,70.01634192,12.05633068
306.0772373,576.1821156,1.882472936,53.12161364,6.222766849
784.9394134,1106.474176,1.409630039,70.94059945,11.9499211
321.579956,685.1346244,2.13052652,46.9367544,7.399453943
745.5715568,966.8136533,1.2967416,77.11636614,10.44158746
563.8505545,761.960503,1.351351873,73.99997143,8.229173433
796.4823981,1096.760414,1.377005212,72.62136635,11.84501247
336.8982824,679.252065,2.016193316,49.59841858,7.335922301
576.9271422,905.6126826,1.569717589,63.70572688,9.780616972
784.6512678,1123.995362,1.432477597,69.80911968,12.13914991
561.5489221,792.2239165,1.410783434,70.88260154,8.556018299
614.6993191,960.0495839,1.561819827,64.02787204,10.36853551
647.8743445,783.9370611,1.210014053,82.6436683,8.46652026
527.2705324,790.6172618,1.499452773,66.69099675,8.538666427
613.77904,715.5066382,1.165739772,85.78243824,7.727471692
592.157156,789.5329049,1.333316497,75.00094705,8.526955373
750.5790052,960.5174657,1.279702015,78.14319177,10.37358863
322.7231902,541.5749977,1.67814094,59.58975056,5.849009975
440.4815948,749.1217568,1.700687987,58.79973326,8.090514973
775.205742,991.7731724,1.279367681,78.16361277,10.71115026
745.1318919,979.7399787,1.314854443,76.05404578,10.58119177
527.8283764,699.0916157,1.324467662,75.50203215,7.550189449
610.0662989,822.0418364,1.347463117,74.21353414,8.878051833
438.6905915,606.8714797,1.383370174,72.28723151,6.55421198
394.0605799,516.019357,1.309492457,76.36546469,5.573009056
531.8492025,812.8837805,1.528410265,65.42745903,8.779144829
476.676114,777.1399536,1.630331226,61.33722913,8.393111499
591.8280559,877.6751597,1.48299012,67.43133258,9.478891725
338.8673185,577.9155316,1.705433071,58.63613278,6.241487742
787.1974038,1001.133138,1.271768851,78.63064102,10.81223789
793.1053722,1152.105467,1.452651195,68.83965009,12.44273904
649.080857,904.8053926,1.393979475,71.7370677,9.77189824
568.0481832,811.8027465,1.429108957,69.97367102,8.767469662
454.7638081,562.4564279,1.236810005,80.85316224,6.074529421
706.8975099,909.2718581,1.286285275,77.74325176,9.820136068
642.3655863,856.4242719,1.333234984,75.00553258,9.249382137
381.3084697,600.9553039,1.576034502,63.4503876,6.490317283
755.4635922,1029.515303,1.362759653,73.3805112,11.11876527
711.2686215,971.3493855,1.365657582,73.2247976,10.49057336
774.8999566,1057.271484,1.364397398,73.29242943,11.41853203
662.8597542,992.3247327,1.497035725,66.79867309,10.71710711
606.707598,950.6033196,1.566822837,63.82342513,10.26651585
509.1215181,824.558441,1.61957099,61.74474638,8.905231163
766.3642417,1153.02135,1.504534382,66.46574596,12.45263059
733.0319448,838.5017196,1.143881553,87.42163882,9.055818571
322.6093351,481.3427308,1.492029766,67.02279155,5.198501492
313.1834872,415.4523497,1.326546152,75.38373232,4.486885377
488.2316834,782.4740977,1.602669643,62.39589079,8.450720255
705.2766654,1074.68583,1.523779082,65.62631103,11.60660696
793.6380647,966.6827536,1.218039805,82.09912318,10.44017374
375.2084456,753.318809,2.007734149,49.80739112,8.135843137
597.0653577,715.1455748,1.197767657,83.48864605,7.723572207
490.4454283,870.7762364,1.775480382,56.3227851,9.404383353
784.9571989,990.4440051,1.261780905,79.25306175,10.69679525
721.0594616,851.4857101,1.180881405,84.68250882,9.196045669
719.1643524,964.9258801,1.341732077,74.53052791,10.42119951
534.3465799,711.3795502,1.331307389,75.11413278,7.682899142
507.4097512,692.8716218,1.365507108,73.2328667,7.483013515
436.703536,628.8905254,1.440085719,69.44031088,6.792017675
328.1877483,669.0955177,2.038758366,49.0494615,7.226231591
732.3611881,994.1095711,1.357403406,73.6700671,10.73638337
706.4505046,899.8428143,1.273752101,78.50821203,9.718302395
799.8588366,1082.958972,1.353937623,73.85864632,11.69595689
798.3184185,1113.163621,1.394385492,71.71617933,12.0221671
577.7158528,759.503053,1.314665418,76.06498098,8.202632973
684.4937076,908.558438,1.32734374,75.33843492,9.812431131
772.3828649,908.9486929,1.176811053,84.97540851,9.816645884
724.8236953,879.1685002,1.212941169,82.44422943,9.495019802
423.6740509,728.0094071,1.718324277,58.19623301,7.862501596
525.2720677,679.703572,1.294002887,77.27958029,7.340798577
364.5797076,622.1287227,1.706427181,58.60197324,6.718990205
777.0255136,1089.739392,1.402449949,71.30379238,11.76918544
603.0873172,735.1503942,1.218978369,82.03591021,7.939624257
414.3214028,684.5150686,1.652135429,60.52772565,7.392762741
635.8503422,812.8191773,1.278318377,78.22777316,8.778447115
609.0641202,997.9421828,1.638484602,61.03200473,10.77777557
479.081359,724.145053,1.511528344,66.15820367,7.820766573
356.7787961,698.576561,1.95801031,51.07225407,7.544626859
635.7865978,900.8545604,1.416913416,70.57594263,9.729229253
560.1538505,673.1776103,1.201772709,83.21041013,7.270318191
686.1591959,976.1046085,1.42256289,70.29566195,10.54192977
560.0817506,945.5027532,1.688151332,59.23639552,10.21142973
726.0907502,1006.574296,1.386292686,72.13483922,10.8710024
575.9534194,921.7100772,1.600320523,62.48748209,9.954468834
580.4689858,945.7309248,1.629253152,61.37781588,10.21389399
738.3268013,906.7507329,1.228115695,81.4255533,9.792907915
501.7414331,665.3548851,1.326091172,75.40959635,7.185832759
367.0076142,650.3019109,1.77190305,56.43649635,7.023260638
314.3913382,537.6998791,1.710288465,58.46966875,5.807158694
677.5686278,1029.527019,1.519443163,65.81358386,11.1188918
610.1547757,980.1617127,1.606414883,62.25041927,10.5857465
652.039884,858.0662978,1.315972104,75.98945276,9.267116017
406.4820808,577.5432484,1.420833232,70.3812367,6.237467083
368.1857378,702.3433924,1.907579029,52.42246767,7.585308638
307.2723328,489.7141435,1.5937463,62.74524371,5.28891275
475.2937794,822.078075,1.729620943,57.81613619,8.87844321
594.9588434,822.0803195,1.381743172,72.37234967,8.878467451
496.1220225,796.3869923,1.60522403,62.29660044,8.600979517
518.737461,647.3980552,1.248026418,80.12650901,6.991898996
752.0793472,1039.237145,1.381818486,72.36840514,11.22376116
474.1277335,709.6580371,1.496765506,66.81073259,7.664306801
556.9947446,832.9772835,1.495484996,66.86793933,8.996154662
691.8265064,842.2307687,1.217401705,82.14215534,9.096092302
498.2713912,819.3335146,1.644351912,60.81423282,8.848801958
611.0433501,969.8824734,1.587256409,63.0017932,10.47473071
731.1818544,896.2037944,1.225692061,81.58656089,9.67900098
774.7603118,903.4746785,1.166134435,85.7534063,9.757526528
373.5367405,480.6283163,1.286696231,77.71842145,5.190785816
763.2938126,1055.885263,1.383327423,72.28946549,11.40356084
546.0581465,828.1863574,1.516663313,65.93421175,8.94441266
429.1221941,693.131418,1.615230877,61.91065403,7.485819314
529.5678781,699.152007,1.320231147,75.74431209,7.550841675
790.0162876,1007.288086,1.275021923,78.43002397,10.87871133
546.309047,824.6519476,1.509497147,66.24722692,8.906241034
464.3758051,713.4058628,1.536268373,65.09279351,7.704783318
616.7004272,1013.036083,1.642671285,60.87645222,10.9407897
420.0728094,561.0047352,1.335494044,74.87865664,6.05885114
337.9316641,646.4750303,1.913034791,52.27296465,6.981930327
364.439861,585.7354914,1.607221257,62.21918704,6.325943307
364.0229195,592.482804,1.627597528,61.44025059,6.398814283
375.9513468,691.2306765,1.83861737,54.38869535,7.465291306
369.4135863,677.1444317,1.833025251,54.55462218,7.313159863
620.4373724,1017.814171,1.640478501,60.95782417,10.99239304
390.9400422,529.458329,1.354321052,73.83773581,5.718149954
472.8336417,604.0665365,1.277545596,78.27509274,6.523918594
748.394205,1065.69585,1.42397662,70.22587213,11.50951518
536.9808201,810.4968952,1.509359115,66.25328527,8.753366469
633.7788693,816.0270692,1.287558025,77.66640264,8.813092348
386.1599356,509.9857463,1.320659393,75.71975068,5.50784606
396.1445094,521.8419843,1.317302075,75.91273246,5.63589343
320.4343081,688.6915705,2.149244176,46.52798464,7.437868962
384.4675315,542.027729,1.409814053,70.93134004,5.853899473
439.2951695,636.3066382,1.448471739,69.03828173,6.872111692
388.5052421,556.5021628,1.432418671,69.81199142,6.010223358
344.3512669,550.8501586,1.599675133,62.5126927,5.949181713
360.3179356,481.1450884,1.335334828,74.88758469,5.196366954
530.389384,786.1073213,1.482132458,67.47035292,8.48995907
403.1668592,523.4506283,1.298347362,77.0209906,5.653266785
482.1349305,822.2418829,1.70541861,58.63663,8.880212335
551.7086354,721.82226,1.308339608,76.43275443,7.795680408
645.1974143,907.2009887,1.406082803,71.11956693,9.797770678
319.6560699,683.6797962,2.138798104,46.75523128,7.383741799
699.7051995,994.9684102,1.421982302,70.3243633,10.74565883
613.9501947,873.8375307,1.423303614,70.25907828,9.437445332
340.879516,538.1796419,1.578797249,63.33935538,5.812340133
736.7893121,936.689886,1.271313075,78.65883075,10.11625077
760.4362003,1061.282287,1.395623047,71.65258572,11.4618487
330.5389799,728.7807883,2.20482555,45.35506221,7.870832514
438.4388241,736.990581,1.680942792,59.49042435,7.959498275
703.1006399,970.4356651,1.380222987,72.45206098,10.48070518
674.1298452,993.3249983,1.473492096,67.86599012,10.72790998
392.2605097,631.8221934,1.61072088,62.08400303,6.823679688
404.6746617,522.7173644,1.291697786,77.41748968,5.645347536
485.2360514,753.9250962,1.553728529,64.36130776,8.142391039
542.2614926,929.5490779,1.714208165,58.3359723,10.03913004
609.1273858,761.7182685,1.250507343,79.96754325,8.2265573
484.4568198,791.458287,1.633702437,61.2106573,8.5477495
531.2673581,691.5474647,1.301693873,76.82297821,7.468712618
673.7354691,934.4837744,1.387018819,72.09707515,10.09242476
318.3416014,447.3445363,1.405234296,71.16251023,4.831320992
426.2184722,661.329753,1.551621519,64.4487066,7.142361333
656.6747929,983.5237916,1.497733432,66.76755545,10.62205695
747.6034188,951.8748761,1.27323505,78.54009362,10.28024866
555.8387211,855.3122384,1.538777717,64.98664419,9.237372175
566.0567426,904.6917309,1.598235058,62.56901918,9.770670693
353.5860057,731.7393515,2.069480522,48.32130525,7.902784996
523.7061834,694.098808,1.325359199,75.45124374,7.496267126
566.3086332,786.103408,1.388118354,72.03996669,8.489916806
421.2352518,566.9600558,1.345946365,74.29716565,6.123168603
434.6216155,832.3666661,1.915152483,52.21516348,8.989559994
488.6420816,866.7423719,1.773777586,56.376854,9.360817617
310.0355989,572.022738,1.845022765,54.19987324,6.17784557
461.0395828,813.6495711,1.764815,56.66316301,8.787415368
405.7240035,662.0113967,1.631679149,61.28655874,7.149723084
463.7486761,750.8243825,1.61903294,61.76526587,8.108903331
359.8810659,486.6183955,1.352164483,73.95549967,5.255478672
745.2636404,1071.844767,1.438208855,69.53093056,11.57592348
596.7962268,735.1102719,1.231760924,81.18458544,7.939190936
639.5511596,987.3714486,1.543850611,64.77310646,10.66361165
694.5856193,1029.194046,1.4817382,67.48830527,11.11529569
549.2210995,861.8445088,1.569212307,63.72623993,9.307920695
343.460144,454.3082582,1.322739381,75.60068254,4.906529189
568.5532709,759.4917777,1.335832219,74.85970061,8.202511199
593.420559,772.35433,1.301529444,76.83268365,8.341426764
672.7197371,880.7606593,1.309253484,76.37940341,9.512215121
515.8297731,642.1225971,1.244834305,80.33197639,6.934924049
363.7901514,744.8774983,2.047547179,48.83892348,8.044676982
441.8879529,708.0286251,1.602280896,62.41102933,7.646709151
481.5411482,673.1984414,1.398008133,71.53034211,7.270543167
622.9586207,842.0530758,1.351699853,73.98092099,9.094173219
585.3891523,819.5499145,1.400008714,71.42812683,8.851139076
478.0483629,758.226663,1.586087772,63.04821319,8.18884796
793.2576244,1047.961453,1.321085887,75.69530562,11.31798369
602.8874097,978.7050016,1.623362814,61.60052403,10.57001402
418.6133959,667.7024407,1.595033621,62.69460321,7.21118636
350.8912363,748.5386408,2.133249746,46.87683671,8.08421732
376.4295696,731.8570569,1.94420714,51.43484865,7.904056215
422.9788642,585.5320185,1.384305619,72.23838336,6.3237458
380.3406866,759.519251,1.996944523,50.0765038,8.202807911
393.283512,528.1934314,1.343034771,74.45823607,5.704489059
442.5475843,787.7824969,1.780108004,56.17636671,8.508050966
386.6867976,600.8737857,1.553903028,64.35408015,6.489436885
748.3827123,1111.775008,1.485570137,67.31422335,12.00717009
340.1168728,700.5338799,2.05968576,48.55109547,7.565765903
562.2556948,904.0333148,1.607868668,62.19413439,9.7635598
505.1984135,842.2075444,1.667082718,59.98502588,9.095841479
791.1893085,982.5930502,1.241919019,80.52054798,10.61200494
356.0194511,480.295236,1.349070211,74.12512646,5.187188549
498.9277995,719.8218532,1.442737514,69.31267748,7.774076014
784.7352166,936.7925711,1.193768995,83.76830056,10.11735977
732.7535629,1041.23889,1.420994646,70.37324194,11.24538001
708.5360355,912.3659534,1.28767756,77.65919287,9.853552297
428.9514135,821.6344738,1.915448808,52.20708566,8.873652317
385.4437937,677.7354169,1.758324892,56.87231095,7.319542503
634.32161,981.0657791,1.5466378,64.65637916,10.59551041
764.6879946,904.4453964,1.182763954,84.54772368,9.768010281
578.3814465,936.9857912,1.620013569,61.72787805,10.11944654
585.8063447,962.6335019,1.643262335,60.85455613,10.39644182
439.9895468,686.1081225,1.559373688,64.12831045,7.409967723
684.7464666,966.6223479,1.411649998,70.83908913,10.43952136
393.5218743,722.9648145,1.837165509,54.43167722,7.808019997
461.8396182,614.2912064,1.330096384,75.18252148,6.634345029
512.7182193,763.4880422,1.489098716,67.15471506,8.245670856
553.8051893,773.4040977,1.396527358,71.60618763,8.352764255
421.2048662,565.1170639,1.341667937,74.53409093,6.10326429
357.4184124,567.6787391,1.588275028,62.9613878,6.130930382
605.3100212,725.761714,1.198991737,83.40341045,7.838226512
444.3152766,552.0588487,1.242493512,80.48331761,5.962235566
590.6191107,731.1689975,1.237970435,80.77737332,7.896625173
377.1813576,766.1158911,2.031160543,49.23293747,8.274051624
540.5700509,805.4289117,1.489962143,67.11579918,8.698632246
566.2947163,956.0413646,1.688239952,59.23328605,10.32524674
325.9117684,555.6611319,1.704943441,58.65297205,6.001140225
468.3021391,661.846979,1.413290531,70.75685981,7.147947373
367.2073385,619.0498973,1.685832042,59.31789022,6.685738891
331.6874852,563.5409918,1.699011922,58.85773884,6.086242712
794.9801162,926.6795215,1.165663773,85.78803111,10.00813883
461.1769225,753.4248169,1.63370017,61.21074222,8.136988022
704.9372229,869.7486777,1.233795932,81.05068062,9.393285719
427.3203274,713.1967139,1.668997864,59.9161941,7.70252451
640.7513611,935.8116888,1.460491145,68.47011731,10.10676624
680.1139299,825.7213859,1.214092742,82.36603067,8.917790968
597.8193703,716.2242584,1.198061311,83.46818238,7.735221991
535.7880943,870.0165701,1.623807209,61.58366549,9.396178957
505.9204571,743.8605842,1.470311338,68.01280614,8.033694309
474.4341333,591.8832719,1.247556258,80.15670585,6.392339337
764.7645721,1163.224467,1.521022952,65.74522748,12.56282425
715.3097039,832.6438722,1.164032681,85.90824094,8.99255382
782.5134553,1091.024024,1.394255928,71.72284369,11.78305946
362.1486117,757.2522893,2.090998736,47.82403657,8.178324725
665.4337376,837.1877689,1.258108391,79.48440748,9.041627904
769.1702284,911.845039,1.185491853,84.35317357,9.847926421
390.6165331,527.0320149,1.349231203,74.11628175,5.691945761
333.2481337,524.230678,1.573094115,63.56898741,5.661691322
670.5603246,800.8740679,1.1943356,83.72856002,8.649439934
587.2365566,894.8849591,1.523891776,65.62145789,9.664757558
720.9143884,839.6019278,1.164634721,85.86383195,9.06770082
369.8861883,622.7128268,1.683525491,59.39916,6.725298529
697.6336559,1096.642712,1.571946397,63.61540074,11.84374129
400.81366,745.0047409,1.858730915,53.80014892,8.046051201
381.8279714,666.3938029,1.745272355,57.29764739,7.197053071
382.132899,574.0089852,1.502118731,66.57263367,6.19929704
707.2873601,994.456111,1.406014255,71.12303422,10.740126
632.5986103,890.7110495,1.408019295,71.02175399,9.619679335
561.5327124,789.3577276,1.405719934,71.13792553,8.525063458
479.4152421,618.6283551,1.290381074,77.49648688,6.681186235
738.6002704,1104.581535,1.49550654,66.86697605,11.92948058
496.2225537,731.1579484,1.473447635,67.86803793,7.896505842
708.2997197,866.6864733,1.22361544,81.72502301,9.360213911
519.5674543,729.8952595,1.40481328,71.18383734,7.882868803
488.4722147,712.7111405,1.459061783,68.53719368,7.697280317
531.3398928,879.6012615,1.655439905,60.40690437,9.499693624
450.6889371,770.7732513,1.710211163,58.47231158,8.324351114
673.8046901,1004.596158,1.490930789,67.07219459,10.84963851
551.360195,654.6695744,1.187371849,84.219615,7.070431403
416.1063476,640.952547,1.540357533,64.91999283,6.922287508
749.7872866,994.1905321,1.325963443,75.41686049,10.73725775
491.9456107,597.7032937,1.214978406,82.30598958,6.455195572
571.7764306,749.7203932,1.311212483,76.2652898,8.096980246
753.2360555,1081.323002,1.435569891,69.65874709,11.67828843
612.118998,753.2519097,1.230564502,81.26351757,8.135120624
358.4490204,619.0420598,1.727001678,57.90382328,6.685654246
769.9160618,934.4766234,1.213738315,82.39008259,10.09234753
613.8540265,717.4902589,1.16882879,85.5557297,7.748894796
467.4528073,639.8132446,1.368722649,73.06082068,6.909983042
369.6360363,762.3981628,2.06256449,48.48333251,8.233900158
697.0125946,1037.473728,1.488457649,67.18363807,11.20471626
610.036378,997.9093713,1.635819448,61.13144094,10.77742121
566.730546,813.0867592,1.434697256,69.7011161,8.781336999
746.9462915,879.8671511,1.177952366,84.89307625,9.502565232
694.2986056,958.6864523,1.38079847,72.42186472,10.35381368
375.8374399,612.1506402,1.628764395,61.39623406,6.611226915
455.8610339,809.1681587,1.775032518,56.33699608,8.739016114
424.2445699,553.6693441,1.305071139,76.62417549,5.979628917
671.9731463,918.4454874,1.366788974,73.16418399,9.919211264
316.7662174,461.7808168,1.457796922,68.59666012,4.987232821
584.9448424,782.3476205,1.337472465,74.76789436,8.449354301
681.2293429,1002.436466,1.471510992,67.95735849,10.82631383
738.3828184,981.1882572,1.328834085,75.2539396,10.59683318
471.0408744,683.8073599,1.451694316,68.88502552,7.385119487
710.6286523,928.9715359,1.307253138,76.4962784,10.03289259
355.3158685,593.149899,1.669359439,59.90321655,6.406018909
723.2261459,1058.731109,1.46390049,68.31065411,11.43429598
363.7443312,731.3697378,2.01066979,49.73467076,7.898793169
498.6436453,885.2440512,1.775303986,56.32838138,9.560635753
698.6476829,1034.718699,1.481030746,67.5205429,11.17496195
374.9587137,569.5807824,1.519049329,65.8306469,6.15147245
414.6256976,721.0661094,1.739077229,57.50175916,7.787513982
661.1262842,892.4072214,1.349828683,74.08347538,9.637997991
660.0182683,836.4194549,1.267267127,78.90996131,9.033330113
620.5738164,972.8352903,1.567638312,63.79022458,10.50662113
646.9742222,758.5021269,1.172383846,85.29629638,8.191822971
571.3622217,941.8908193,1.648500345,60.66119448,10.17242085
425.8995295,664.3427688,1.559857955,64.10840148,7.174901903
472.8479968,764.0084398,1.615759071,61.89041536,8.25129115
390.7988584,688.6050351,1.762044643,56.75225107,7.436934379
754.2252807,1122.760603,1.488627644,67.17596598,12.12581451
591.6958974,882.696802,1.491808218,67.03274511,9.533125462
500.4257084,784.6057838,1.567876651,63.78052759,8.473742465
531.0029018,650.998514,1.225979202,81.56745222,7.030783951
773.6416698,1029.164076,1.330285217,75.17184942,11.11497203
376.6757016,521.7264018,1.385081118,72.19793751,5.634645139
593.114916,914.3450466,1.541598469,64.86773436,9.874926504
552.9443394,806.6109157,1.458756078,68.55155673,8.711397889
605.7271177,909.7954515,1.501988973,66.57838493,9.825790876
309.0550919,421.5569621,1.364018821,73.31277139,4.552815191
736.0619545,861.4995593,1.170417183,85.43962055,9.30419524
766.0591412,1080.956158,1.411060974,70.86865973,11.6743265
582.5665918,704.1918926,1.208774932,82.72838667,7.60527244
648.3254119,769.7024303,1.187216197,84.23065674,8.312786247
761.2496906,864.8822332,1.136134758,88.01772789,9.340728118
653.6193172,1040.569737,1.592011909,62.81360049,11.23815316
376.2695215,697.5220293,1.853782965,53.94374739,7.533237916
588.1441801,794.1196026,1.350212464,74.06241807,8.576491708
603.3575232,792.3181976,1.313181931,76.15091071,8.557036534
512.0653357,716.9763046,1.400165672,71.4201198,7.743344089
668.2221178,1000.618177,1.497433489,66.78092934,10.80667631
767.1835074,1065.594691,1.388969758,71.99580798,11.50842266
762.7842565,918.3429268,1.203935345,83.0609388,9.91810361
525.4196857,677.6524863,1.289735624,77.53527012,7.318646852
356.6190229,486.1377178,1.363185042,73.35761243,5.250287353
792.4205995,1090.511415,1.37617752,72.66504397,11.77752329
719.4490432,1048.760842,1.45772776,68.59991473,11.32661709
362.3313406,541.8452691,1.49544135,66.86989096,5.851928906
760.4209413,866.7044296,1.139769281,87.73705491,9.36040784
734.948181,859.5996813,1.169605835,85.49888943,9.283676558
559.4190286,949.777039,1.697791799,58.90003712,10.25759202
595.6377179,784.2711511,1.316691552,75.94793166,8.470128432
499.5013519,830.2682963,1.662194293,60.16143868,8.9668976
327.3808194,614.7798901,1.877873881,53.25171247,6.639622813
467.5986208,682.1805127,1.458901892,68.54470512,7.367549537
701.4267243,863.132903,1.230538947,81.26520515,9.321835352
302.3160115,438.731937,1.451236191,68.90677109,4.738304919
466.7495858,751.2534763,1.609542888,62.12944107,8.113537544
499.0843468,831.474481,1.665999918,60.02401255,8.979924395
568.6978015,861.8690775,1.515513292,65.98424474,9.308186037
759.9278082,1019.018448,1.340941123,74.57448975,11.00539924
473.1729972,585.7583642,1.237937008,80.77955452,6.326190333
473.4766009,864.0232342,1.824848857,54.79905889,9.33145093
668.7506241,1008.364882,1.50783393,66.32030094,10.89034072
526.1089704,713.9555815,1.357048865,73.68931403,7.71072028
412.3024115,806.2935103,1.955587665,51.135524,8.707969911
526.2197581,806.784235,1.533169788,65.22434813,8.713269738
370.4285102,645.1553077,1.741645931,57.41695151,6.967677323
388.1934933,712.6154471,1.835722287,54.47447075,7.696246828
549.1838864,892.7148228,1.625529891,61.51840121,9.641320086
509.4627248,806.406307,1.582856346,63.17692711,8.709188115
757.4229505,895.8516744,1.18276278,84.54780765,9.675198084
481.1969496,682.6772014,1.418706419,70.48674668,7.372913775
590.2941751,968.7192672,1.641078818,60.9355254,10.46216809
616.132144,783.5168275,1.271670104,78.63674682,8.461981737
306.5472283,518.1973354,1.690432298,59.15646556,5.596531223
631.768686,861.3917509,1.363460662,73.34278339,9.30303091
389.0179834,620.8394803,1.595914602,62.65999437,6.705066388
780.5351587,1064.417033,1.363701585,73.32982602,11.49570396
374.3313639,757.2541152,2.022951289,49.43272758,8.178344444
507.3120619,679.5198754,1.339451447,74.65742802,7.338814654
342.674834,479.1252469,1.398192103,71.52093033,5.174552667
798.4371259,957.6782729,1.19944106,83.37216668,10.34292535
551.0975052,917.1749752,1.664269874,60.08640882,9.905489732
597.6925087,891.4357525,1.491462147,67.048299,9.627506127
333.5382387,519.3102755,1.55697373,64.22715946,5.608550975
674.9802352,1019.764317,1.510806189,66.18982681,11.01345462
404.9527965,763.3637955,1.885068586,53.04846771,8.244328991
749.0271447,1102.981446,1.472552035,67.90931499,11.91219962
402.5698202,778.2477803,1.933199513,51.7277184,8.405076028
395.3438603,571.0161664,1.444353191,69.23514317,6.166974597
318.2748339,644.7874125,2.025882488,49.3612046,6.963704056
536.0334726,774.1953217,1.444304062,69.23749828,8.361309475
582.4205666,935.0201325,1.6054037,62.28962847,10.09821743
332.8543197,651.4015229,1.957016882,51.09817955,7.035136447
687.7638083,1020.698042,1.484082224,67.38171132,11.02353886
526.6444174,823.4929687,1.563660302,63.9525093,8.893724062
562.1951347,715.4237655,1.272554175,78.58211619,7.726576667
520.3813735,783.8894491,1.506374919,66.38453599,8.466006051
500.3815304,895.7824523,1.790198874,55.85971562,9.674450485
579.8201657,961.0365856,1.657473545,60.33278799,10.37919512
377.620123,490.5722437,1.299115735,76.97543589,5.298180232
390.9640652,540.40851,1.382245986,72.34602306,5.836411908
730.8928105,870.4114425,1.190887952,83.97095612,9.400443579
773.0577311,1090.851704,1.411086986,70.8673533,11.7811984
486.6546581,831.9902571,1.709611206,58.49283137,8.985494777
435.3723366,599.4257465,1.376811745,72.63157099,6.473798062
621.9997716,873.7555795,1.404752251,71.18692987,9.436560259
504.3670855,856.577994,1.698322548,58.88163006,9.251042335
312.6931778,632.5336413,2.022857184,49.43502724,6.831363326
378.0762987,640.7474603,1.694757017,59.00550874,6.920072572
657.9861144,935.0904216,1.421140053,70.36604153,10.09897655
629.461971,881.970135,1.401149197,71.36998703,9.525277458
313.5479963,502.8125316,1.603622213,62.3588269,5.430375342
410.986081,680.4926788,1.655756023,60.39537144,7.349320931
415.5373983,722.2029889,1.737997571,57.53747972,7.79979228
635.9463718,997.9432466,1.569225474,63.72570524,10.77778706
309.8552689,600.7426751,1.938784766,51.57870112,6.488020891
352.054291,680.3907521,1.932630192,51.74295651,7.348220123
699.9580427,847.9795332,1.211471948,82.54421425,9.158178958
389.272331,627.7395734,1.612597463,62.01175576,6.779587392
626.3730539,729.1725399,1.164118628,85.90189834,7.875063431
419.0913905,593.0950499,1.415192636,70.66175828,6.405426539
349.7206964,667.6592109,1.909121244,52.38012008,7.210719478
421.5860955,819.1290809,1.942969869,51.46760203,8.846594074
661.1334659,790.8868958,1.196259056,83.59393352,8.541578475
727.8482341,948.2965288,1.302876732,76.75323192,10.24160251
715.1099323,1055.131223,1.475481147,67.77450205,11.39541721
498.5917648,659.8024552,1.323332036,75.56682472,7.125866516
634.0425683,900.5680531,1.420358976,70.40473689,9.726134973
402.4921477,722.4135365,1.794851255,55.71492329,7.802066194
446.5738651,731.3695002,1.637734667,61.05995191,7.898790602
748.1679093,904.5753296,1.209053901,82.70929847,9.76941356
306.5009618,513.1163324,1.674110024,59.73323054,5.541656389
342.7542654,677.8918008,1.977777869,50.56179541,7.321231448
403.9431276,670.2110818,1.659171888,60.2710308,7.238279684
313.2661019,414.834986,1.324225581,75.51583461,4.480217849
390.7177175,719.0149456,1.840241467,54.34069486,7.765361412
591.5207805,702.114187,1.186964533,84.24851562,7.582833219
510.7122753,834.4324101,1.633860102,61.20475057,9.011870029
746.3358555,907.0800236,1.215377791,82.278943,9.796464255
708.7217809,1096.143825,1.546648988,64.65591146,11.83835331
470.9086758,681.2909012,1.446758015,69.12005943,7.357941733
429.7117167,627.7912016,1.460959004,68.44819036,6.780144977
489.8462041,634.5126192,1.295330277,77.20038803,6.852736287
595.1474713,786.8287359,1.32207356,75.63875645,8.497750348
434.0318204,797.027049,1.836333217,54.45634762,8.607892129
612.0744539,1010.974755,1.651718592,60.54300078,10.91852736
504.7058261,715.1986852,1.41706049,70.56861772,7.724145801
576.0235904,810.6067797,1.407245802,71.06079111,8.754553221
518.0632646,834.684546,1.611163352,62.06695296,9.014593097
447.2328798,813.0916139,1.818049725,55.00399612,8.78138943
774.2266535,1052.139954,1.358955997,73.58589993,11.3631115
681.8028971,899.2606065,1.318945124,75.81816574,9.712014551
370.0565879,593.8431401,1.604736031,62.31554477,6.413505913
734.2339879,1042.919432,1.420418353,70.4017938,11.26352986
543.7155991,644.6810782,1.185695388,84.33869358,6.962555645
747.2761134,1033.152915,1.382558463,72.3296719,11.15805148
699.927628,906.5755311,1.295241815,77.20566064,9.791015736
512.6067522,850.8659516,1.659880499,60.24530083,9.189352277
311.2346542,439.1318461,1.410934934,70.87499049,4.742623938
434.3386797,710.7993598,1.636509464,61.10566557,7.676633086
570.8171073,815.1089743,1.42796872,70.02954517,8.803176922
616.7391099,909.4367677,1.474589098,67.81550206,9.821917091
428.9438427,548.3999211,1.278488852,78.21734217,5.922719147
369.678037,643.6731733,1.741172341,57.43256864,6.951670271
717.4651184,985.9104948,1.374158087,72.77183093,10.64783334
792.2010904,1060.399119,1.338547916,74.7078224,11.45231048
562.8450912,843.8913911,1.499331529,66.69638973,9.114027024
385.8396429,688.7800241,1.785145816,56.0178329,7.43882426
436.1536633,777.6503632,1.782973362,56.08608752,8.398623922
309.1953383,490.1415543,1.585216508,63.08286566,5.293528787
757.1494033,1104.664226,1.458977874,68.54113542,11.93037364
358.8755414,608.3522461,1.695162183,58.99140568,6.570204258
588.2582378,711.3757215,1.209291559,82.69304391,7.682857792
437.0276103,554.5928891,1.269011101,78.8015171,5.989603202
577.0890013,777.3604969,1.34703745,74.23698575,8.395493366
625.7101942,961.1792873,1.536141326,65.09817705,10.3807363
714.8709019,1027.175182,1.436868083,69.59581133,11.09349197
403.2106359,739.7951253,1.83476094,54.50301335,7.989787353
305.4979143,560.6786313,1.835294465,54.48716917,6.055329218
368.442815,600.5025144,1.629839123,61.35574892,6.485427156
750.0093209,894.2450789,1.192311954,83.87066796,9.657846853
736.9450388,935.4028649,1.269298001,78.78370555,10.10235094
598.7065511,828.9123609,1.384505246,72.22796755,8.952253498
600.2584302,726.8385591,1.210876054,82.58483575,7.849856439
632.5183373,798.7019231,1.26273323,79.19329089,8.625980769
387.6856393,667.1532275,1.720861337,58.1104345,7.205254857
757.205973,1077.904907,1.423529325,70.24793819,11.641373
509.3852624,908.8895159,1.784287028,56.04479462,9.816006771
491.5692641,871.5032635,1.772900234,56.40475311,9.412235246
559.4588526,852.2284125,1.523308477,65.6465854,9.204066855
323.4829834,549.8573994,1.699803166,58.83034106,5.938459913
383.1416844,673.9948938,1.759127031,56.8463779,7.279144853
669.0168082,1004.712294,1.501774367,66.58789909,10.85089277
341.399334,476.9001912,1.396898423,71.5871665,5.150522065
601.5760547,824.5475216,1.370645515,72.95832429,8.905113234
422.6745548,774.6152405,1.832651698,54.56574215,8.365844598
494.647807,709.7976926,1.434955705,69.68856227,7.66581508
444.3468684,715.9085498,1.611147958,62.06754599,7.731812337
477.8363582,754.1671665,1.578295903,63.35947512,8.145005398
659.5229526,814.8658285,1.235538241,80.93638603,8.800550948
448.5608578,657.2314903,1.465200271,68.25005564,7.098100095
583.2023201,783.5557068,1.343540106,74.43023069,8.462401633
538.0252011,645.8842137,1.200472045,83.30056529,6.975549508
631.8355827,739.0931118,1.169755443,85.48795443,7.982205608
768.4148697,1117.923983,1.454844286,68.73587842,12.07357901
666.2860486,848.2072916,1.273037749,78.55226608,9.160638749
407.4701893,662.8938192,1.626852311,61.46839471,7.159253247
315.5915675,505.2092396,1.600832505,62.46749719,5.456259788
431.1320221,813.3357957,1.886512145,53.00787503,8.784026593
597.5389654,775.327993,1.297535455,77.06918501,8.373542325
325.7129067,554.6099506,1.702757057,58.72828398,5.989787466
548.1831236,910.0021987,1.660033225,60.23975814,9.828023746
598.4214245,951.0014945,1.589183568,62.92539264,10.27081614
467.1219454,622.9523708,1.333596884,74.98517821,6.727885604
685.4561019,1026.249095,1.497176978,66.79237091,11.08349022
353.2991266,590.7551926,1.672110538,59.80465868,6.38015608
337.5688909,582.4595525,1.72545388,57.95576524,6.290563167
664.0943781,804.1383698,1.210879653,82.58459029,8.684694394
547.7456581,671.9261122,1.226711891,81.5187337,7.256802012
644.2011982,962.5829903,1.494227258,66.92422417,10.3958963
517.4136693,766.352015,1.481120543,67.51644925,8.276601762
423.2010166,654.2562274,1.545970359,64.68429323,7.065967256
709.5511588,1028.403627,1.449372064,68.99539635,11.10675918
699.7079395,1029.361809,1.471130669,67.97492711,11.11710754
647.3482354,795.0206857,1.228119028,81.42533233,8.586223406
436.0725686,719.1401135,1.649129446,60.63805376,7.766713225
595.1153334,735.7215581,1.236267185,80.88866323,7.945792828
480.4869485,805.8994743,1.677255702,59.62120138,8.703714322
345.7910367,642.8775835,1.859150514,53.78800654,6.943077902
758.6567877,1145.641174,1.51009151,66.22115239,12.37292468
368.4093155,489.0967204,1.327590535,75.32442973,5.28224458
775.1186769,892.2350933,1.151094819,86.87381642,9.636139007
523.0028865,707.6590089,1.353069031,73.90605926,7.642717296
